{
  "Author": "camdrit (originally by karashiiro)",
  "Name": "SoundSetter",
  "InternalName": "SoundSetter",
  "AssemblyVersion": "1.7.1.0",
  "Description": "A Dalamud plugin that allows volume control from anywhere, including gpose and cutscenes. Adds the ability to automatically set cutscene volumes separately.",
  "ApplicableVersion": "any",
  "RepoUrl": "https://github.com/camdrit/SoundSetter",
  "Tags": [
    "tool",
    "sound",
    "volume",
    "control"
  ],
  "DalamudApiLevel": 8,
  "LoadRequiredState": 0,
  "LoadSync": false,
  "LoadPriority": 0,
  "IconUrl": "https://raw.githubusercontent.com/camdrit/SoundSetter/master/Assets/icon.png",
  "Punchline": "A Dalamud plugin that allows volume control from anywhere, including gpose and cutscenes. Add the ability to automatically set cutscene volumes separately.",
  "AcceptsFeedback": true
}